author,comment
@pokeboy2254,It was so funny people we chanting messi messi but then ronaldo took two shots for shut them up hahaha
@aborazaqalshmry259,ğŸğŸ¤
@RohitPanda08,Siuu7uuu
@Andritany1908Andri-dj5yq,Next musim... Back to eropa
@tentangmusik2957,"second goal ronaldo like first goal marselino ferdinan vs arab, they are same people"
@ThisisForester,serasa dia main pake jersey Madrid.. alhamdulillah terobati kangen..
@BAZA888-m6v,
@baperistachannel7923,ğŸ‰ğŸ‰ğŸ‰ğŸ‰ğŸ‰ğŸ‡®ğŸ‡©ğŸ‡®ğŸ‡©ğŸ‡®ğŸ‡©
@ygwrn955,Messi Goat!!
@jitubhaiya7234,Al nassr without talisca plays better
@kumisispaketov3654,in that kit cr7 looks different
@NazrilRiyan,Ronaldo kembali ke mode rambut ganteng
@Ramos-b3f,Sadio mane ğŸ˜¢
@lena00071,SiiiiiuuuuuuğŸ”¥ğŸ”¥ğŸ”¥ğŸ”¥ğŸ™ŒğŸ¤©ğŸ«¶ğŸ»ğŸŒ
@FCHienKhoOfficial392,Ronaldoâ¤â¤â¤
@DineshDhami-gn7ju,Suiii â¤â¤â¤
@hichambasaa2422,ÙˆØ§Ù„Ù„Ù‡ Ù…Ø§ Ø¹Ù†Ø¯Ùˆ Ø±ÙˆÙ†Ø§Ù„Ø¯Ùˆ !
@jayz-holm,siuuuuuuuuuu
@sigitwibowo13b63,Cr7 masih strecing
@ĞœĞ°Ñ€Ğº-Ñ‰1Ğ´,ğŸ‘
@ÙƒÙˆØ±Ø©Ù†ÙŠÙˆØ²-Ø¸2Ø«,Ø®Ø´ÙŠ ÙŠØ§ØºØ§Ù„ÙŠ Ø±Ø§Ùƒ Ø§Ø³Ø·ÙˆØ±Ù‡ Ù†Ù…Ø¨Ø± 1 Ù„Ù‚Ø¯ Ø£Ø±Ù‡Ù‚Øª ÙƒØ§ØªØ¨ Ø§Ù„ØªØ§Ø±ÙŠØ® ÙŠØ§ Ø±ÙˆÙ†Ø§Ù„Ø¯Ùˆ  Ø§Ù†Øª Ø§Ù„ØªØ§Ø±ÙŠØ® Ù†ÙØ³Ù‡ â¤ï¸ğŸ’¥ğŸ’ª
@lazybones8848,Suiiii
@dipankarbiswas8311,I Love you Boss RONALDO 7 ğŸŒ¹ğŸŒ¹ğŸŒ¹ğŸŒ¹ğŸŒ¹ğŸŒ¹ğŸŒ¹ğŸŒ¹ğŸŒ¹ğŸŒ¹ğŸŒ¹ğŸŒ¹ğŸŒ¹ğŸŒ¹ğŸ’ğŸ’ğŸ’ğŸ’ğŸ’ğŸ’ğŸ’ğŸ’ğŸ’ğŸ’ğŸ’ğŸ’ğŸ˜ğŸ˜ğŸ˜ğŸ˜ğŸ˜ğŸ˜ğŸ˜ğŸ˜˜ğŸ˜˜ğŸ˜˜ğŸ˜˜ğŸ˜˜ğŸ™ğŸ™ğŸ™
@MEMORIBOLATIMNAS,SEMAKIN GANTENG SAJA CRISTIANO RONALDO ğŸ”¥
@Joker92658,Congratss Alnassr From IndiağŸ‡®ğŸ‡³â¤ï¸Love You Goat CR7 Siuuuuu Foreverâ¤ï¸
@Joker92658,Real Goat For reason â¤ï¸Siuuuuuuu
@marie-helenefoucault8265,"Que grande este CR7, famosoâ¤â¤â¤"
@abhisheksingh-dg2vp,Cristiano Ronaldo the greatest ever in everything fact ğŸ‘‘ğŸğŸ™ŒğŸ».
@QuantityEfootball,The Shirt giving Prime RonaldoğŸ¥ºğŸ...Prime Nalo would've scored like 7 though
@davidoliever692,Cristiano is the definition of football
@sanjoklimbu5748,Ronaldo forever â¤â¤â¤
@MMahid-fp6ig,cry baby
,Absolutely the best ğŸ‰â¤
@SLICK_75,BRILLIANT! HE SCORED 913 GOALS
,Impressive performance ğŸ‰â¤.
@thomasvoo4609,Mane wasted here.
@ZayneMwangi,Cr7 is the goat I  need to dribble live you  Ronaldo
@Valentine_Limba,The 1000 goal aim is starting to take shape. I really doubted it because of his age
@blood_ackerman6190,Blue lock banner style
@fighterangel9233,"His face look like more to ego face after score.. But end the end.. What he did? Nothing.. Until now zero trophy.. If not scoring.. Ask for penalty.. Blame his teammate, blame reff, wrestling another player.. Keep going your goal without trophy.. What a selfish player I ever seen.."
@ReWhiteout,"Pure white shirt with golden lining.. yeah, it brings back the memories."
@muminhussein7604,"What if Ronaldo would have scored those first 3 misses ğŸ˜®
He would have 5 goals"
@YadavJii-pt2sx,"At the age of 40 and still having the hunger of scoring goals despite being the *GREATEST EVER OF THIS GAME* seriously!!! 

This guy is the GOATğŸ’¯ğŸ–¤"
@bastian24-ko8yg,"Where is trophy ????
Whre ... Where ... !! ğŸ˜‚ğŸ˜‚ğŸ˜‚ğŸ˜‚"
@9oted,â¤only for indian
@mrHaland-yb4wv,King ğŸ‘‘ CR7 à¸à¹‡à¸„à¸·à¸­à¸£à¸²à¸Šà¸²à¸‚à¸­à¸‡à¸Ÿà¸¸à¸•à¸šà¸­à¸¥à¹‚à¸™.#1â¤ğŸ‰
@abohnoah3814,Wow jerser  y kaya real madrid keren
@daudikombe,Messi fans why are you not talking about Messi's team religation ğŸ˜‚
@mrHaland-yb4wv,ğŸ˜® siuuuuuuuu ğŸ˜Šâ¤ğŸ‰ğŸ‰ğŸ‰ğŸ‰ğŸ‰
@nadirbouba77,Quelle but de cr7 ces un phÃ©nomÃ¨ne ce cr7
@mohammadhadi9018,"I am a big fan of CR7 , I am looking now to find CR7 Real Madrid, juventus, and MU gersey ğŸ˜…"
@jakadermawan5050,nanti final alnasr ketemu persib
@Ğ¨Ğ°Ğ¼ÑĞ¸Ğ´Ğ¸Ğ½Ğ‘Ğ¾Ñ€Ğ¾Ğ½Ğ¾Ğ²-Ğ·1Ñˆ,RONALDO ğŸ‘ğŸ‘ğŸ‘ğŸ‘ğŸ‘ğŸ‘ğŸ¥‡ğŸ¥‡ğŸ¥‡ğŸ†ğŸ†ğŸ†
@zammybee,Angelo gabriel â¤
@GilaBola-t1k,â¤â¤â¤â¤ğŸ‰
@bacainceritahoror,Yang suka horor merapat. Film petak umpet udah tayang di kita
@tinowhite4515,THE GOAT !!!!
@g.krubiscube5138,I love ronaldo very muchâ¤â¤â¤â¤â¤
@ifakaisaac382,That's the real goat â¤â¤â¤
@FerdinandTerumbu,Angelo is the real MVP ğŸ—¿
@asqarr_malik,Nostalgiaâ¤ï¸â€ğŸ”¥
@misterdodsondodson,Esse Ã‚ngelo veio de onde?????
@LizNoiree,"Idk if it just me, but does some member in the team does not like CR? I am not sure, just the vibe I am getting . I may be wrong"
@wanderthirst258,Ronaldo in White kit ğŸ‘»
@ĞœĞ¾Ğ±Ğ°Ğ“ĞµÑ€Ğ¾Ğ¸,Ğ’ĞµÑ€Ğ½Ğ¸Ñ‚Ğµ Ğ Ğ¾Ğ½Ğ°Ğ»Ğ´Ñƒ Ğ² Ğ ĞµĞ°Ğ»
@cindycoutinho1184,World Class No.1 Football Player âš½ï¸ CR7 â¤.  Wooooooow so High You Fly... Amazing to watch You CR7â¤... Our Football Legend Forever CR7 â¤... Keep Shinning Ronaldoâ¤. You are the Greatest of All CR7 â¤.... â¤â¤â¤â¤â¤â¤â¤â¤â¤â¤â¤â¤â¤â¤
@alieextradafamily5352,Aduhai Angelo gokksss
@nikadstati9593,Again and again CR7 !
@AbdulazeezAbdulrahmon-q6f,Ronaldo is fast and reliable â¤â¤ğŸ‰ğŸ‰
@Aliham06,Ronaldo dropping defenders at 39ğŸ˜‚
@_iflowin_yt8173,SIUUUUUUUUU CR7â¤â¤â¤
@johnkoi8998,CR7 sekarang wajahnya begitu cerah... dia semakin terlihat bahagia... bravo CR7
@QurbanAli-l3y,He is the Goat nobody can replace himâ¤â€ğŸ”¥â¤â€ğŸ”¥â¤â€ğŸ”¥
@fahimajannatfiza,Suiiii
@goatnaldo_23,GOAT
@Paulofficial2002,Unbelievable
@anushrajapaksha5098,"Angelo is a quality player, Brazil should look at players like these over the superstar names for the future tournaments"
@lungazwide1829,Three great goals
@Singh.gaganajit,Thanks for 39 subscribers â¤
@adamcs2770,C.RONALDO >>>> GOAT
@Potatorules,AFC is starting to be normal champions league cuz all the europeans are moving to saudi ğŸ˜‚ğŸ˜‚
@stephenmadappally,RonaldoğŸ’›ğŸ¤—ğŸ’ª
@htcsniper9155,RONALDO menoak Tua
@NotStoneeOfficial,The white kit is reminding me something ğŸ˜­â¤ï¸
@EKANGFAUZI-d9i,Jam xlq bee
@amarsaikhannasan6685,WoooooooW Siuuuuuuu CR7goodğŸ†ğŸ†ğŸ†ğŸ†ğŸ†ğŸ†ğŸ†ğŸ‡µğŸ‡¹ğŸ‡²ğŸ‡³ğŸ‘ğŸ’ªğŸ‘ŒğŸ‘
@ĞĞ»ÑŒĞ³ĞµÑ€Ñ‚Ğ”Ğ·ĞµÑ€Ğ²Ğµ,ĞšÑ€ÑƒÑ‚Ğ¾!!!
@RudyJames,Ronaldo brought Europe with him
@awtaridawtar3271,ğŸ˜ŠğŸ˜Š
@pakguyuofficial2933,CristianoğŸ‰ğŸ‰ğŸ‰
@chemistasheq,Siuuu
@Shahzanfx,Ronaldo scoring on champions league nights is inevitable
@AyaanKhan-r3r,CR7 All my favourite â¤â¤
@kucingmeong18,Siuuuuu
@jojo5355,The ğŸ
@HammedAtanda-zi5mq,C R 7 ğŸ’¯
@CHRISGladden-t6z,g
@JOHNATHANMontanez-z3v,23
@PATRaymond-i6d,5
@AlbaCummings,5
@LONDinh-h7g,"I finally got to see the GOAT CR7 in the white shirt again, what a nostalgia ğŸ”¥ I had him to score on Stake and he already did after 46min, this guy still knows how to score. I am so happy I got to live in the period of Ronaldo and Messi in my opinion the TWO GOATS of football, not only one goat but two, end of discussion."
@RUSSELArgueta,g
@KingJonah-q3n,I love Ronaldo very much
@ippangivan3990,Angelo nice skilğŸ‘cr7ğŸ”¥
@HERMANHickman-b1d,5
@ELLSWORTHGalbraith,g
@JewellGoble,23
@RAYFORDTavarez,4
@WADEHarrison-e1g,g
@MucellaEsra,23
@AlganierJalilul-z6m,Cr7 is the king of football
@PaigeLy-t6f,4
@TorieKirkwood,4
@DonaldJBiden-f6h,Al Giraffe 1 Al Capone 3.
@heyy8395,Cristiano Ronaldo the goat suiii ğŸ‡µğŸ‡¹ğŸ
@Kenzuru7,ronaldo vs joselu
@subhasisroy5680,Ronaldo look ğŸ”¥ğŸ”¥ğŸ”¥
@darrylng1687,My goat is so happy ğŸ¥º
@Jahanzaib-y6g,E
@johanneshuber2000,This YouTuber might have a career in football in the future
@rajibsaputra6660,"Its so clean, the stadium and the broadcast"
@v.thakurfootball24k21,counting....counting and counting...until its 1000+
@AshikMiya-cr8kd,â¤â¤â¤â¤â¤â¤â¤â¤â¤â¤â¤
@07naturelover,Siuuuuuu ğŸğŸ’ªğŸ‡§ğŸ‡©ğŸ«¶ğŸ‡§ğŸ‡©
@JIdaiko,GOAT
@saykatkarmaker4348,â¤â¤â¤CR7
@baperaspot-ih2xs,Angelo like di maria
@joseenguru1796,Da goat ğŸ CR7 doing his things as usual.
@bhabhawise8801,Wow CR7
@TheRealdeal1659,Angelo should be playing in Europe
@bryandanteruiz7876,We sold Angelo for madueke
@swarajbera,The GOAT ğŸ
@ricardoo7haha,"2:14 Cristiano  (46â€™)
2:41 Angelo     (64â€™)
3:05 Cristiano (58â€™)"
@DeepakKumar-ou7cd,Cr7 â¤
@munjiric,2:51 look pendu falling inside the penalty box like a fool. Pendu would have got a penalty for no reasonğŸ˜‚
@FootballO850,KSIâŒ KSAâœ…
@IsmayilAhmedov-h5h,C.Ronaldo É™n gÃ¼clÃ¼ futbolÃ§udur hÉ™tta hÉ™r hansÄ±sa bir oyunda qol vura bilmÉ™sÉ™ belÉ™ yenÉ™ dÉ™ onun bu yaÅŸÄ±nda meydanda etdiklÉ™ri tÉ™qdirÉ™ layiqdir.....â¤â¤â¤â¤ğŸ‘ğŸ‘ğŸ‘ğŸ‘
@RoadTripperrr,"Ronaldo is great, but the quality of this football is like women's league. Laughable if he counts these goals getting to 1000"
@JanusJohannes,Age is Just A Number to Cr7...and he makes the league  look easy or scoring of goals a walk in a park...He was born to score goals...The MACHINE!!!
@reconek6990,"Mbappe please ğŸ˜…,,"
@bibhushanrajthala,White jersey with gold names flashback
@phumlanindzinisa7586,The goat ğŸ  himself
@Xeric_edit,beno did it 1 v 3 â¤â¤
@bonganimathabela4938,He is back at his best as we all know him I still can't believe this guy is will turning 40 soon...
@Aka_Riaj_Chy,02:00 awesome
@SuccessIsAHabbit,"Ronaldo still smashing the champions league says a lot, Saudi league is severely underrated"
@ICE329,ğŸ¤˜ğŸ¤˜ğŸ¤˜
@Sonosatsu98,Siuuuu
@aszeyoung,@ishowspeed
@masoodajouhaar673,My goat ğŸ¥²â¤
@JamesLwanda-m2e,I like second goal from cr7
@anaksaudi5658,why joselu in here?
@agungnugroho8186,Trending #2
@ripjjjsphrbggsk6292,mr champions league
@SRK-Football,Please comeback in real Madrid cristiano ğŸ˜­
@SaydilhojaMamidov,Siuuuuuuuu
@davidngugi1051,Arsenal jersey in the stands...hollla
@MDSAIDUL-k2d,Boss CR 7â¤
@jimmymthombeni3561,Cristiano is the perfect striker
@sanso-sc5vh,Algello is such a great player
@ericksamwel5326,"Angelo is such a joy to watch, wonderful player"
@vishalcatter4737,AFC just robbed mohun bagan
@Vikhosiilou,GOAT
@user-si9bn5bx2g,That angelo guy is fire
@foysal_ahmed_53,CR7â¤
@matvei_fedotenko__,Al Nassr the futur champions of the AFC Champions League ğŸ†ğŸ“¢ğŸ’›ğŸ’™
@Theliteratepanda,"CR7 class as always 
But Angelo was excellent 
The link up between CR7 and Angelo would be fun to watch"
@figihtecno,"Pengelola GBK suruh ke timur tengah aja gih, negara iklim panas aja rumputnya bagus-bagus, GBK malah bapuk malu maluin"
@galihayukinantiarief5601,CARELESS 061 - ALKA SELTZER â¤
@dsk3241,Ronaldo looking handsome in this match â¤
@yung2049,"if he were unstoppable, he won't go to AFC, just like Modric."
@dadangabdurachman1209,3 peluang emas ga gol
@SaintMartins,"CR7      > 2:13  ssiiiuuuuu
Angelo > 2:40
CR7      > 3:02  ssiiuuuuuu"
@imunpublik490,Eazy banget gak sihh klo team itu kompak
@conqueror_master,Age is just numberâ¤
@divyanshsachdeva2295,CR7 â¤ğŸ”¥
@Omar2311Aa,Ø§Ù„Ù†ØµØ± ÙƒØ¨ÙŠØ± Ø§Ø³ÙŠØ§
@MinlunGuite-sk5uj,Cris you made my day
@mrfie5450,Jumlah Jaringan gol Cr7 dah sama dengan jumlah gol AA kan?
@RawalHhari,Messiâ¤â¤â¤
@arryreddyanto,CR7 â¤ Living Legend ğŸ‰
@faridfirmino4279,CR Legends
@PhyoHeinKyaw-tx3oz,PessiğŸ¤¡
@WilfredLungu-ow7ph,Siuuuuuuuuuuu
@OmarSuleiman-o1k,chelsea made big mistake....angelo is a star better than nonzino
@brunomatunhu9516,Cr7 I support you here in SAğŸ‰
@user-wm7yz5yu1o,Ronaldo is the king of football.ğŸ‰ğŸ‰ğŸ‰
@Human87563,1:47 Brilliant block ğŸ”¥
@abdulaziznorqulov-bz6gj,all three goals of Al Nassr were phenomenal
@MedetKairanbaev,Ğ Ğ¾Ğ½Ğ°Ğ»Ğ´Ñƒ Ğ»ÑƒÑ‡ÑˆĞ¸Ğ¹
@MikeCrawch,"Angelo so unselfish.
He couldâ€™ve try to take the shot himself but decided to pass to Ronaldo.
What a team player."
@alynlika8968,Ronaldo in white is always dengerous.
@faalerrasi9396,CR7 luar biasa
@soutrikkundu1810,"913 carrier goals and counting for the legendary CR7 - mission 1000 is truly on âš½ï¸âœ¨ï¸â¤ï¸ğŸ«¡

hooefully He reaches the 1k lanadmark by end of last year ğŸ‘€ğŸ¤”âš½ï¸ğŸ‘"
@VictorPereiraVicente,Age is just a number but in terms of skill CR7 is still the best ğŸ‘ğŸ”¥
@fernandochavarria2921,CR7  GOAT
@TaraChetri-gr9cu,GOAT CR7ğŸğŸ‘‘
@johnnysacamaca6205,CR7
@MdMahi-ne7sy,ğŸ
@attarplay,Subtitle must be CR7 vs Joselo as Ex Real Madrid player
@johnnysacamaca6205,O melhor jogador da histÃ³ria!
@willgoins218,Joselu y Cristiano leyendas
@Raymondcahyadi666,age just a number CR 37
@Sambigs9112,Not enough grass on the field to eat for the ğŸ
@apipsupriatna9052,Angelo and cr 7 â¤â¤
@reshamacharya3,ğŸ’¥ğŸ’¥ğŸ’¥ğŸ’ªğŸ’ªğŸ’ª
@thura3536,ido i Love cR7â¤â¤â¤â¤â¤â¤ğŸ˜ŠğŸ˜ŠğŸ˜Š
@nasgorsaribumi0975,Real Madrid dari gurun pasir
@Mr.M_editz_gamerz,New duo = Ronaldo X Angelo ğŸ˜®
@zhoushiu1789,Missed tio many chances
@TkmFootball,Football is all about goal scoring... So Ronaldo is the best..
@Mewtendo,CR7 AIRLINES ğŸ
@Ğ—Ğ¸Ñ‘Ğ´Ğ°ĞĞ±Ğ´ÑƒÑ€Ğ°Ğ¼Ğ°Ğ½Ğ¾Ğ²Ğ°,Ğ Ğ¾Ğ½Ğ°Ğ»Ğ´Ğ¾â¤â¤â¤â¤
@Broncos_758,I want to see him score against Al-Hilal. He just scores against very bad teams Al-grbhajksbvdmbh
@HapyShop-l2i,Ronaldo 913/1000 âš½ï¸ğŸ”¥ğŸ”¥ğŸ”¥
@jugs081287000,He literally had the opportunity to score 4 goals.that missed header and near miss from penalty spot would have been enormous boost
@Ahmad-vp8ec,Shaun evans
@Hrishi8804,Tapin header ğŸ¤£
@Yoruu212,912goalâœ“
@princekunder3501,I love this guy!ğŸ˜­ ğŸ
@MichaelaSchneider-j7o,Wonderful Ronaldo â¤â¤â¤
@Blueflag04,The Madrid white shirt
@khaidirbabussalamKBS,Hadirâ¤
@agusyutub4277,Liga odong-odongğŸ˜…ğŸ˜…ğŸ˜…
@MdSabbir-jh7mc,Cristiano is best all time â¤ğŸ‡µğŸ‡¹
@nauvalMubarok-p1t,CR7 ganteng banget njirrr ğŸ˜…
@rezelandfamily827,I thought it was the Simpsons logoğŸ˜‚
@oddypratama6707,Liga negara yg kemarin dikalahi sama king indo
@jacksonombati4758,Farmers league button>>>>
@lukesamerson9600,His movement in the box is incredible
@sonertiryaki4082,Åu adam gol atÄ±yor sanki ben atmÄ±ÅŸÄ±m gibi mutlu oluyorum
@tengkushameel2481,its proven that ronaldo is the real GOAT ğŸ”¥ğŸ”¥
@hmachhuana675,Cristiano Ronaldo could have scored 3-4 goals...
@google.football-team_,â¤â¤â¤goat ğŸğŸ‘‘
@ÙØ¶Ù„Ø§Ù„Ø­Ø¶Ø±Ù…ÙŠ-Ø®4Øµ,Ø§Ù„Ø¯ÙˆÙˆÙˆÙˆÙ† Ø³ÙŠØ¨Ù‚Ù‰ Ø§Ù„Ø¯ÙˆÙˆÙˆÙˆÙ† Ø§Ù„Ø§ÙØ¶Ù„ ÙÙŠ Ø§Ù„Ø¹Ø§Ù„Ù… ÙˆØ£Ù„Ù Ø£Ù„Ù Ø£Ù„Ù Ù…Ø¨Ø±ÙˆÙˆÙˆÙƒ Ù„Ù„Ø¹Ø§Ù„Ù…ÙŠ Ø§Ù„ÙÙˆØ² ğŸ’›
@edsli7022,The GOAT.
@sakibhossainsojib6930,Mr Champions league is back â¤ğŸ‰
@eurooceania5562,Cr7 is the GOAT
@Fahadbos-ms6nv,Suiiiiiiâ¤
@yanman208,SiuuuuuuuğŸ‰ğŸ‰â¤
@OriginalCivilizations,Kechrida you revealed this Liar World
@azharwains7,What a game from alnassr fc â¤ğŸ‰ with their leadership CR7 â¤
@hendraardis7367,Ronaldo is never end!!
@goodswolf,i dont know but when CR7 wearing Full white kit he looks more youngerğŸ˜‚
@cecqminmofericq6301,my all time GOAT ...case closedâ¤â¤
@Glad10101,hate him love him CR7â¤âœŒï¸is my goat
@SizzlerRizzlerqt25,Angelo beautiful goal
@Nurchannel786,Siuuuuuuu
@ZulMayza,Siuuuuuuuuuu
@mdsadik752,Cr7â¤â¤
@AhmadMaulana-hb2xv,Siuuuuuuuuuuuuuâ¤â¤â¤â¤â¤
@lahxen,Angelo is what Ronaldo needed in the team
@Joy-wo1bt,Siuuuuuuuuu
@idin98-dg6gx,Gue kira joselu masih di MadridğŸ˜Š
@freethug7,Angelo is just amazingâ¤
@AJã·ã—ã‚…,ã‚¢ãƒ³ã‚¸ã‚§ãƒ­ä¸Šæ‰‹ã™ã
@ijal6969,angelo the new cristiano's partner
@irfanhakim3939,SIUUUUUUUâ¤ğŸ‰
@alem7135,That al nasr kit is sooo clean
@maskholis5426,Biasanya gugur 8 besar
@maharshibhunia6783,1:58 Great block thoğŸ˜®
@raleimusic3719,GOAT 7
@mdchunnuislam2115,"Cr,,,â¤â¤â¤"
@A4Ahmad_1,Thanks for 250 subscribers â¤â¤ğŸ‰ğŸ‰
@Yoelsaputra08,Goo 1000 gol
@juniorpurab1445,913 goals
@Shadow-w9o,Keep it up Ronaldo ğŸ‰
@averageateverything,Now that he has won a game  expect to lose or draw in the next 2 matches  brace yourselves Cr7 cry babies ğŸ˜‚ğŸ¼
@aesthetic_young_girl27,"Diffrent time, diff. Age Same great player. same energy level, same looks (he's still handsome like back) he nailed CR7 legend, goat, king of football"
@Sayaindon,Joselu is better than mbappe
@Dkaadi,CR7 GOaT ğŸ
@Gondes10x7,Ronaldo well
@anggaprawira,Joselu mengingatkan real Madrid
@DenMarkovkin,Ğ Ğ¸ĞºĞ¾ Ğ¸Ğ³Ñ€Ğ°Ñ‚ÑŒ Ğ½Ğ°Ñ‡Ğ°Ğ»? Ğ¼Ğ¾Ğ»Ğ¾Ğ´ĞµÑ†...
@KongSophea-d4i,ğŸ©µğŸ©µ
@francescopiatek9200,SIIUUUUUU
@GivendjiTeribofficiel,Goat ğŸ¥¶ğŸ¥¶
@rizkyAgam29,"Ronaldo plays in the football MAFIA'S DEN .
They like diving and are often assisted by referees.
Qatar , Bahrain, Oman , arab ???
Lucky Ronaldo still won"
@RCTruckDriver,Goesto 1000
@eblgaming8398,â¤â¤â¤
@juandavidcanasrestrepo6491,Que hps golazos los 3 ğŸ”¥
@user-tl5so8mx3z,Ronaldo is such a beast ğŸ’€
@Atarashi16,Cr7 : idolaâ¤
@hkmalik6339,Alnassar player with best player from Europe with under 30 yrs that's why
@abbdhdhbd,"Siuuuuu ğŸ’ªğŸ˜ˆğŸâ¤ RONALDO is my idol â¤â¤â¤â¤ love you RONALDO â¤â¤â¤ 
Messi fan cry more ğŸ˜‚ğŸ˜‚ğŸ˜‚ğŸ˜‚ğŸ˜‚"
@PurkinjeSaladin,Angelo is soooo underrated
@banyakpikiran5270,goat cr7
@ericmwape6867,Cr7 the great
@Ezekiel.O.O.Omolayo,The kit resemble that of real Madrid 2012
@1AngryPanda,"You can tell what you want, but Adidas use shadow marketing on Ronaldos whole career.
80% of his career he played in Adidas kitsâ€¦ ğŸ˜‚ğŸ˜‚ğŸ˜‚ğŸ˜‚"
@siulapwa,Target 1000 Siiii!!
@mdsamimmolla1510,3:13
@cynox217,"Its so funny that whenever there is a ronaldo match, messi fans gathers to watch him.ğŸ˜‚"
@gslim223,The difference between Ronaldo and Holjund is the IQ Ronaldo has to find for best position to score. Every time Ronaldo scores is not coincidence that he is at that spot but he run to that !! Stop saying age matters in football or need the team to feed him with balls. He is a very high IQ person.
@BronzyEgames,Is this the match that Me. Beast attendedğŸ˜®
@SardorMamatov-f3c,What is the name of the speaker?
@widodoaris,Duet Ragnar dan Marcelono emang bagus..
@ussyaigberadion7880,GOAT could have easily notched in 5 goals in this game..
@VyNguyen-jt5iu,Siuuuu
@oluwanisholaparis1068,"I feel Al nassr should change to a white jersey 
Just watch the ways his on foam it reminds him of Madrid daysğŸ˜¢
I love you Christiano 7"
@zaksom9146,CR7 will never retire but maybe quit and leave.. he is the  GOAT pls don't compare a fake media made Messi..
@ParelPahlevi,Decul : SIIIIIUUUUUUUuuuu
@massevi6178,tonaldo sekarang sudah tua
@contohsatu6538,"Ronaldo 2 goal, Joselu 1 Goal, WHAT THE DAY ğŸ¥°"
@siviunative5241,"MESSI IS THE GOAT, CR7 IS THE CAMEL"
@AbiyouArkan03-gt5tc,Hello Cristiano Ronaldo
@esthersalvador9740,CRISTIANO RONALDO THE BEST OF THE WORLD ğŸŒ
@donn-a4053,SIIIUUUUU!!! ğŸ”¥
@epicr1ffzx,The Goat!...
@ryu06ron14,Cr7 still on fireğŸ”¥â™¨ï¸ğŸ’¯âš½
@chzbrlyngdh5817,All the best CR ğŸ’¯
@NazmuL_Bhaiyaa_7,2:10  And 3:00 â¤
@Joel-u1o,El comandante La Madre
@aryanbhayong8524,Goat legend â¤ï¸âš½ğŸ”¥ğŸ’ª
@CassaGOAT,CR7 > Peeeeessi ğŸ˜‚
@Ğ¢ÑƒÑ€Ğ³ÑƒĞ½Ğ¡Ñ‚Ğ°Ğ»Ğ±ĞµĞºÑƒÑƒĞ»Ñƒ,ğŸ‘ğŸ‘â¤ï¸â¤ï¸â¤ï¸ğŸ‘€
@MohammadAjul,"CR7 paket lengkap The best idolaku
Sampai detik ini belum ada pemain sepak bola yg talentanya sama seperti CR7. Dia punya bnyk idola bahkan di seluruh dunia
Love love from indonesiaâ¤â¤â¤"
@AveragE_Student969,*that* *2nd* *goal* *is* *a* *poem* ğŸ”¥ğŸ”¥ğŸ”¥
@robertbrandt4711,My Goat â¤â¤â¤
@umarsaidcrew,This match showed two former striker from real madrid in different year
@rudrabasnet6988,ğŸâ¤ï¸ğŸ‡³ğŸ‡µğŸ‡µğŸ‡¹Cr7
@youtubeshorts957,Ronaldo happy==World happy
@AndresMessi1010,Angelo is underrated
@valdurewildensjean6668,CR7 the GOATğŸğŸ”¥
@marcelsansalone3829,thats my goat
@faturrahman3809,"Cristiano and joselu ğŸ’ª
Bayern nightmare"
@MUNEEBKHAN-m4d,Goat do it 1000ğŸ˜Š
@Ronisaputra298,âŒ Al Gharafa 1-3 Al Nassr âœ…
@MUNEEBKHAN-m4d,Goat do it 1000ğŸ˜Š
@MUNEEBKHAN-m4d,Goat do it 1000ğŸ˜Š
@guydangerous5238,New hairstyle looks like noodles ğŸ’€
@Awais_CR7,Always remember that CR7 is the best of the football history!! Siuuuuuuu7 â¤ GOATğŸğŸ‡µğŸ‡¹
@cyclingtourpassion,ğŸ˜† lower divisional club teams
@opaxomff7079,Suiii ğŸ”¥
@DipeshMukhiya-j4x,Suuuuu
@Maianborkharpran,No one can stop
@opaxomff7079,CR7 ğŸ’€ğŸ¤«ğŸ‘‘âœ…ğŸ‡µğŸ‡¹
@opaxomff7079,Foever CR7 THE real GOAT ğŸ ğŸ‘‘
@abdu3446,My GOAT happy ğŸ¥¹â¤ï¸â€ğŸ©¹
@SuryahardaniSurya,Ronaldo tiada dua
@aaditayabbb5337,suiiii
@20gully,that's a very nice uniform from Al Nassr
@Alisah-Bui,"Tap in again :)))) - No, classical"
@MdNazmulIslam-h3m,Afc champions league famous for cr7
@ridwanhardiana4426,Siiuuuuu ğŸ—£ï¸ legend ğŸ”¥ğŸ”¥ğŸ”¥
@Shn93554,GOAT never stop Scoring Goal..Suii
@foto6002,Siuuuuuuuuuuuuuuuuuuuuuuu!ğŸ‰ğŸ‰ğŸ‰
@afnabdh,Still on fire on 39ğŸ”¥ğŸ”¥ğŸ”¥
@MaremaChhangte-kp5xv,Cr7 fans is all time.ğŸ‰ğŸ˜Š
@AhmedRiaj-d6o,CR7 â¤
@Piupiu-o6g,SiuuuuğŸ˜Š
@venkatyadavvenkatyadav6395,ğŸ’ğŸ’ğŸ’
@BLACKSTA361,"Ia no one gonna talk about Angelos amazing performance on here? If he can keep this up everyone will benifit. Himself, Ronaldo, the whole Team

Great Performance by Ronaldo as usualğŸ”¥ğŸ”¥"
@smuleindonesia9501,ğŸ‘ğŸ»
@elrisuhendra5644,udah tua aja masih setajam itu  co
@naksu2024,When Rolnaldo Hair Grow...Unstoppable
@thuptenwangdi8397,What would his career be without penanlty snd tap in ?
@AbahDariYaman,MLS > ACL ğŸ˜‚
@angelescastillo6839,Siuuuu
@MrAbdullah-j4n,Alnassr C R 7
@Muhiman-7,Siuuuuuuuuuuu vamossssss CR7 â¤â¤
@untoldexplorer7680,Cr7 header strick is always deadly
@SwastikGhoshal,Cr7 enjoy ing the game like a boy
@utkarshpatwari9318,1000 goals incoming. Only CR7 fans are allowed to like and comment â¤.
@Yangbenerrcntil122,Yang mana suporter arab yang mana suporter Qatar?sama semua muka mereka soalnya
@refugioherrera1436,"Los pases a CR7 tienen que ser muy Finos muy precisos tienes que ser muy bueno para asistir al Mejor del Mundo al GOAT, CR7"
@Pynshaitynsong,Why cr 7 is khe king headers
@Mambamentality86542,Ronaldo show who is the GOAT when pessilesbians come see Al-Nassr gamesğŸğŸğŸğŸğŸğŸ
@aikojatursunxodjaev924,RonaldoğŸ”¥ğŸ”¥ğŸ”¥
@MarciaUhrin,Lets go Ronaldo!!!!!!!!!!!!!!
@Guitagra113,There is many players in the world with worldcup but there is only one player with top most goal scorer his name is Ronaldo ğŸ
@LenggeDaat,Goat number 1
@alirafahe8585,"How many goals has Messi scored?


(no hate btw)"
@hotshorts_id,3:14 goat again
@NafihMuhammad-d8t,O:54 his hairs was looking like the time at madrid
@hotshorts_id,GOAT 2:25
@pedrojorge3347,Greatest of all time... no one comes close!! Incredible!!
@Muhammed12350,Suiiiiiâ¤â¤â¤
@ì•„ë¦„ë‹¤ì›Œ-m3m,ì±”ìŠ¤ì˜ ì‹ ~~!!!
@chessteo3588,Siuuuuuuuuuuâ¤
@MrHN01,Mantap penaldooooo
@Djoe-K3r,class is permanent ğŸ’ªğŸ¦µğŸ”¥
@BenzBlog-q6l,Siuuuuuu... The Goat
@muhammadpaisalfaqih,goattttt yang asli yang ada unta nyağŸ˜…
@actor__vijay__official,GOATğŸNALDOğŸ¤—ğŸ¤THE REAL GOATâš¡
@Felixgaha,Siuuu ğŸ
@BAR1X_SIU7,SiuuuuuğŸ˜Š
@punkrockneverdie,"ğŸ™ğŸ’°à¸‚à¸­à¸šà¸„à¸¸à¸“à¸„à¸£à¸±à¸šà¸œà¸¡ğŸŒ¹ğŸ’
ğŸ’ªğŸ’µğŸ’â™¥ï¸ğŸŠğŸ‰ğŸŠğŸ‘‘ğŸŒ¹"
@morbius9186,1:58 that's saudi defense ğŸ’¥ğŸ’€
@sayfrahman3497,If this league is soo easy why are non of the other top European transfers doing CR7 numbers. The league is tougher than it looks and CR7 is the Goat
@AshishBISTA-qf3my,3:16 the defender looked like ashely chole
@AbdulHoque-x1d,Goat Ronldo ğŸğŸ
@Xyrro7-z7b,Win us AFC ronaldo and my life is yours
@MuhammadIbrahim-cv6bt,ğŸ˜CR7
@ayaangull00,Ronaldo â¤ is goat
@Pranav-n5z,"913 ğŸ”¥
just 87 more âš¡"
@SubhamPradhan22,Ronaldo switches to Goat Mode when its about Champions league ğŸ”¥
@Alc-broken77,Cr7
@VIDE0692,It's like he doesn't age
@demarcodaniel,Men watch Cristiano happy. Men happy
@blacklucky7140,Angelo
@NuhusT,His finishing skill still superbb
@aguspriyanto6535,sIUUUUU
@holovoyagers6732,RğŸ”¥OğŸ”¥NğŸ”¥â˜„ï¸Aâ˜„ï¸ğŸ”¥LğŸ”¥DğŸ”¥O
@ronxander,3:10 even the GOAT himself felt a little shy about his Siuu
@joshuanich06,The GOAT in Football!!ğŸ”¥ğŸ”¥
@akbarchanell9705,Where are you RodriğŸ˜…
@rishipediafanclub,The GREATEST OF ALL TIME CR7 â¤
@laurorosa913,Mas Ã© ruim esse algo garrafağŸ˜‚ğŸ˜‚
@Rdx-h5g,He is a alienğŸ‘½ğŸ“¡ğŸ‘½
@SHanajAhmed-y1b,The goat is back ğŸ’€â˜ ï¸
@Evvia_09,the goat doing goat things ğŸğŸ”¥
@_keichala9844,913 ğŸ
@urbankeyz,Goat â¤
@mazuiazuia3111,GOATğŸ‰
@galih1986,CR7 + LM10 = R9
@bangryo2528,arabian futbol club Hub
@exchelyalika8405,"More, and more and more â¤â¤ RonaldoğŸ‰ğŸ‰"
@nightmaretactical6663,GOATnaldo
@bang_fi,Goat RonaldoğŸ‘½ğŸ’¥
@UmangaGAME,If Ronaldo didn't miss one chance Ronaldo could do hat trick â¤
@DjwonderJarkata,Whenever Ronaldo is happy am happyğŸ˜Š
@Ğ Ğ°Ğ¼Ğ°Ğ·Ğ°Ğ½Ğ”Ğ¶Ğ°Ğ¼Ğ°Ğ»Ğ¾Ğ²-Ñ7Ñ‡,Ğ¯ Ñ€Ğ°Ğ´ÑƒÑÑÑŒ ĞºĞ¾Ğ³Ğ´Ğ° Ğ¾Ğ½ Ğ·Ğ°Ğ±Ğ¸Ğ²Ğ°ĞµÑ‚
@FootballPositifInd,Ronaldo â¤
@Ojosasy,Arab League Amateur League! Very rich but an amateur league! :))))
@tarzohosilas-m1p,Angelo â¤
@GamerGod4Eva,The kit is giving 2011-12 RM!
@bibinssuseelan8572,Goatâ¤
@brendonmorina6626,CRISTIANO RONALDO 7 THEE KING âš½ğŸ˜
@ZafarKhan-yj1ps,"Football is controlling from satelite. 
Goes 
Against 
Muslims."
@ZafarKhan-yj1ps,Football is controlling from satelite
@Newmenged,"Christiano is an exemplary athlete, who has authentic character for sport. His passion and hunger to play is never getting minimized.
Because of him, we are watching the Asian champion league and the Saudi league as well. Long Live Star ğŸ™ğŸ»"
@akbarlibero5164,Ronaldo & Joselu ğŸ¤ğŸ¤
@ONE4ALL929,Watching Ronaldo in white jersey feels like watching him in Real Madrid
@scopers1785,The greatest player of the century ğŸ‰
@ashfakoceansky1853,Mr. Champions League â¤
@Fathimarusiya,Siuuuuu
@naufaldegea,Go Cr7 go to 1000 goals
@Burnz247,At this rate he needs more goals to react to on his YouTube channel ğŸ˜‚
@SandiSaputra-z2q,CR7 GOATğŸ˜
@anhHuynguyen-b4z,Siu â¤â¤â¤â¤
@azimhusman3884,That cutback was filthy ğŸ˜­
@MAN_OF_GOD.,The greatest ever to play the game. CR7 ğŸ
@nancytorres1098,"Excelelente resumen del partido, soy tu nueva suscriptota, GOA7 SIEMPRE GOA7, VAMOS MI COMANDANTE â¤"
@BOTOJK,Baju putih emang cocok buat ronaldo..
@hasifhairuddin1145,still breaking ankles in his 40
@TdS07-x8y,Fl.Coman ( Mbappe del Rumenia ) vs CR7 :)
@JordyBoyMadeIt,Clearly penaldo is stoppable...he was stopped quite a lot of times ğŸ¤£
@JemAbraham-w6y,Anjelo super great al love it
@fredikdlani9091,Siiuuuuuu
@quyetdo2001,ğŸ’›ğŸ’›ğŸ’›ğŸ’›ğŸ’›ğŸ’›ğŸ’›ğŸ’›ğŸ’›ğŸ’›ğŸ’›ğŸ’›ğŸ’›
@zaq402,nice shirt al nassrğŸ‰ sssiiuuuu
@wawansetiawan5048,ğŸ‘ğŸ‘
@jorgerafaelcallejoflores67,Belleza vivir en la Ã©poca del comandante
@Thefortune11,Cr 7â¤â¤â¤â¤â¤
@rafeeqmannayilrafeeqmannay385,Cr7ğŸ’•
@mctapoutos7426,WHO DEFACK CARES
@AjayRajpoot-f8d,Cr7 is the ultimate warrior
@saberkhan8763,King
@MrPoppyplants,Wow wasnâ€™t aware that Joselu already sold to Qatar club. He was the reason RM went to CL finals
@LALURAFSARAFIANSYAHARYADI,menghiburğŸ˜ŠğŸ˜Šâ¤
@kaiz2750,Goat
@Kawsar_x_cr7,Boss Cristiano Ronaldo suuuuuuu ğŸ˜Šâ¤ï¸â€ğŸ©¹ğŸ˜Š
@LewyAndRaku,Angelo will be next best winger troust me
@à¸™à¸¸à¸•à¸´à¹€à¸à¸·à¹‰à¸­à¸à¸´à¸ˆ,CR.7 â¤
@JohanRumkorem-i9r,CR7 â¤â¤â¤â¤â¤â¤
@TheSeeth7,great perfomance by angelo
@panggihbasuki-x1i,Itu wasit pertandingan Indonesia vs korea
@IyekDKSH,Ronaldo GOAT ğŸ”¥
@sontolloyo847,kalo ronaldo ga di ganti pasti nambah
@rex_yolo,a Jersey that reminds him of when he was in Europe
@katailham819,Angelo Gabriel ğŸ˜¢
@nizam_mr,White kit vibes ğŸ˜¬ğŸ‘Œ
@Nobrainwashing12,My favorite youtuberğŸ˜‚
@juanboada5031,IL ARTHILEIRO DE DEUS CR7  âš½âš½=913SIIUUU ğŸ’ª
@princeharry5792,"Unfortunately, nobody understands the amount of though competition & superstars he faces weakly at 39!! Poland, Croatia, Scotland, auba & natcho, ferminho, fabinho, kante, benzema, savitc, mitrovic, bounou, cancelo, rodi, paninga, carrasco, kessie, tony, mehrez, raktic.... and much more in the SPL and haters still find a way to cry & complain ğŸ˜‚"
@phatdat3120,ğŸ˜Š
@yummychun6065,RonaldoğŸ‰ğŸ‰ğŸ‰
@ravs7964,He looks younger in this matchğŸ”¥ğŸ”¥ğŸ”¥
@RishedAhammed,ğŸ‰ğŸ‰ğŸ‰ğŸ‰
@biscoff6188,MY GOATTTT
@matheb7209,"SÃ³ eu que achei que o Ã‚ngelo jogou demais ? Ta maluco, foi o melhor do jogo, fÃ¡cil"
@AR-zq5xi,Ronaldo received a moral boost by wearing a Real Madrid-like kit. ğŸ˜
@napamboro2832,91.3%
@HAyoutube93,This seems like much better quality than MLS
@mostafaebrahimi6905,CR 7 Suuuuuâ¤
@luaaizamil,Ronaldo happy we happy ğŸ˜
@jeanlee267,For ronaldo second goal he pushed the ball with his outside foot and broke the defenders backğŸ˜‚ 3:20
@John-w7,Ronaldo doing what he does best
@NursalBonca,Ronaldo ğŸ’ªğŸ’ªğŸ’ªğŸ’ªğŸ”¥ğŸ”¥ğŸ”¥ğŸ”¥ğŸ”¥ğŸ”¥ğŸ”¥ğŸ”¥ğŸ”¥
@ManUniiverse,ğŸ’™ğŸ’›
@wildanewildan,DominaSiuuuuuğŸğŸ¤
@niseel1722,PenaldoooooğŸ˜‚ğŸ˜‚
@Nik0_07,Who is Cristiano Ronaldo? He is the goat bruhhh siuuuuuu ğŸğŸ”¥ğŸ¿
@mdsirajurrahman1079,CR7 ğŸ‘ğŸ‘ŒğŸ’ª
@ensarsama3884,At this age is insane
@ratanakphin7561,Cr7 â¤
@kavikumar1602,ğŸ”¥ğŸ”¥ğŸ”¥â¤ï¸ğŸ‘ğŸ‘ğŸğŸ‘‘ CR7.. Al Nasar played well but they still need to improve in defense. â¤â¤â¤
@RhythmCollection-t5i,Qatar football is death uae beat them so badly now even club label hababi whatâ€™s wrong ğŸ˜‚
@yudhaadityafiandra3254,Ankara Messi Ankara Murka Messi.
@alvinlyndohalvin6549,RonaldoğŸ‘ğŸ‘ğŸ‘
@LongSamniengpol,Angelo goal...amazing skill
@ewa02,salfok wasit nyaa
@masrukin1202,Andri Syahputra Sudarmanto  (A. Mento)
@Faisaltm2,Ronaldo will always deliver in the Champions league nights ğŸğŸ‘‘
@Ruaa.aa7,"Cristiano's happiness is my happiness, no one gives me this pleasure except him"
@Uwajojo2023,Mencetak gol ronaldo jaminan mutu semoga al nassr menjadi juara liga arab juga champion timur timur tengah Aamiin YRA ğŸ¤²ğŸ¤²
@JakeeJakee-r7f,The goat ğŸ
@Hanin_dhya,Jersey mirip real madrid
@isabellaeats,Our goat is cooking goalsss
@mhfdzar17,1000 goal.
@CBRRR-ew3hq,G.O.A.T
@mowde_77,Ronaldo is a machine ğŸ‰
@MochHaris112,Indonesia 2 - 0 Arab Saudi ğŸ˜‚
@CBRRR-ew3hq,Siuuuuuuuuuuu
@azharjr3418,*Mr Champions League* ğŸ
@FiveNightsAtFreddysOficial,CRISTIANO RONALDO Ã‰ UMA MÃQUINA DE FAZER GOLSğŸ˜®
@PKvandamwalks,QuÃ¡ hay Cristiano Ronaldo
@setyobusono8694,SIUUUUUU âš½ğŸ‘‘ğŸ”¥
@andiirawan4292,Menolak tua
@binjumsora922,CR8 reason for world football being most watched...!
@DiraRifki-c6j,Sergio rico eks leeper sevilla
@sarfaraz2363,Suiiiiii â¤
@moh.zakariya4376,Joselo ternyata kesini
@hambaallah6409,Looking for a comment no No penalty No party.
@nebur4412,Ronaldo playing in white kit... as a Spaniard this gives me vibes ğŸ¥º
@simpel-logic,"00:28 Ronald bahkan mengabaikan untuk melakukan jabat tangan dengan wasit lainnya.
Konyol ğŸ˜‚ğŸ˜‚"
@weebhousewife,Is it just me or CR7 looks thinner. .?
@Siadin-s9j,Ğ’Ğ¾Ğ·Ñ€Ğ¾Ğ¶Ğ´ĞµĞ½Ğ¸Ğµ Ğ Ğ¾Ğ½Ğ°Ğ»Ğ´Ñƒ!!! Ğ›ÑƒÑ‡ÑˆĞ¸Ğ¹!!!
@neymarnirmal322,Cr7â¤â¤
@atlantis.people,Joselu x Ronaldo (Madrid 2012) ğŸ¤©
@muhammadrifqi4807,Siuuuuuâ¤â¤â¤â¤â¤
@nasaudi1,RONALDO IS THE GOAT ğŸ
@abijosegun7246,"Wicked 3rd goal by Ronaldo,destroyed the defender ğŸ˜­ğŸ”¥"
@pendeegaming4847,If CR7 joined alien league he still top score sheet
@D.Baatar44,GOAT ğŸğŸ‡µğŸ‡¹ğŸ‘‘â™¥ï¸
@hambaallahpenuhdosa8748,gol 913â¤
@josemariadesa5331,Siuu ğŸ‰ğŸ‰
@Kerjakerjakayanyakapan,Pioli is onfire
@AhmedFaisalFajrin,CR7 onfire ğŸ”¥ğŸ‘
@riyono505,"1000 goal ,,,,on the way"
@Anonymous-wv7mm,"At this rate, i just hope for the best for CR7ğŸ”¥ğŸ”¥"
@rbchanel1510,Konsisten cetak gol ğŸ‰
@orlandosilva552,VIVA CRISTIANO RONALDO
@marliyanton2630,Goat
@Y8syx,Literally pond water level ğŸ¤§
@EMRAH-BURCU-ALTIN,angelo hakkini verin super oynuyor ronaldo G.O.A.Tâ¤
@123liveevent,"CR7 and Joselu, Both of them is giving BIG contribution for Real Madrid to get the (UEFA) Champions League Title, and now they face to face in AFC Champions League Elite Title ğŸ”¥"
@DawdaKMalang,Mr Champions League CR7ğŸ
@OnepieceLuffy-ew4yp,Angelo mantap main nya
@akinbiyijohn5355,Angeloâ¤
@Mr.Robot777,CR7 GOATâ¤
@Ø§Ù„Ø±Ø§ØµØ¯-Ø±2Ù‡,"Ø§Ù„ÙŠÙˆÙ… ØªÙ…ØªØ¹Ù†Ø§  ÙÙŠ Ù…Ø´Ø§Ù‡Ø¯Ù‡ Ø§Ù‡Ø¯Ø§Ù Ø¬Ù…ÙŠÙ„Ù‡ Ø¬Ø¯Ø§  Ù„  ÙƒØ±ÙŠØ³ØªÙŠØ§Ù†Ùˆ  ÙˆØ§Ù†Ø¬ÙŠÙ„Ùˆ       ÙˆØªÙ…ØªØ¹Ù†Ø§ Ø§ÙŠØµØ§ ÙÙŠ  Ù„Ø¹Ø¨ Ø§Ù„Ù†ØµØ± ÙˆÙ†Ø¬ÙˆÙ…Ù‡   ...Ø§Ù„Ø§Ù†Ø¯ÙŠÙ‡  Ø§Ù„Ø³Ø¹ÙˆØ¯ÙŠÙ‡ Ø¬Ù…ÙŠØ¹Ù‡Ø§  ÙÙŠ Ø§Ù„Ù‚Ù…Ù‡ .
ğŸ‡¸ğŸ‡¦ â¤ğŸ‡¸ğŸ‡¦"
@Thiagoxp-lf3tu,â¤
@Thiagoxp-lf3tu,GOAT ğŸ
@paridancefitness790,CR7 is still on fireâ¤
@RonaldMutebo,CR7 Top Class LEGEND never to be forgotten.
@patrisiussanchezdeiku1439,CR7 on fireğŸ”¥
@7AYRE6,CR7 â¤â¤â¤
@SnakeEyes6969,"Dude is just ridiculous, how TF he's still competing with this level?!"
@TerrasilDangdaa,The only one the GOAT ğŸ‰
@kenzodaeli5329,Ronaldo (Real Madrid) & Joselu (Real Madrid) ğŸ¤ğŸ¤ğŸ¤
@frenzyjames,Joselu loves to score a rebound ğŸ˜‚
@SutanManabik-d3t,Vamos Comtudos Al-Nassr team and Capitano CR7 ğŸ”¥ğŸ’ªğŸ’™ğŸ’›
@batcs9,goat
@debatthebing6ligainggris513,FT : Indonesia 2-0 KSA
@anthonykc4707,Al nassr defence is too weak
@BenhatPeduliYou-7,"Cristiano, is the King of Europe and the World's Best Player of All TimeğŸ‘ğŸ‘. SiiiiuuuuğŸ”¥ğŸ”¥ğŸ”¥"
@ibekwegodswill2746,Legendâ¤
@ardiansah7994,Indonesian vs saudi arabia 2-0 Qualifers Asian
@denbagus8447,Saunds evans
@defafa9249,CR7 ğŸ˜‚
@AIllustration25,"CR7 unstoppable! If he plays like this in RSL, the goalkeepers might retire early
ğŸ˜‚"
@sothdestiny9496,That Brazilian  is on fire
@arifikram1502,"2 former Real Madrid players scoredğŸ˜¢ Cristiano did that without ""natural talent"""
@lotekkaredok1866,Chelsea will surely regret selling Angelo
@ayismukholik5652,Real goat
@laurentpommey1923,Who cares watching the retired footballers leagueâ€¦.
@The_Curious_Cat,El bicho. Monster. GOAT. What a player. CR7 best ever.
@FerdiCR-ky2sj,Ronaldo number one of all time
@galaxytb147,GOOOOOOOAAAAAAAAAAATTTTTTTTTTTT ğŸ™ŒğŸ‘ğŸ¥‡ğŸ†ğŸ‘‘ğŸ‡µğŸ‡¹ğŸ
@FodayJallow-d4s,â¤â¤â¤â¤â¤ğŸ‘ğŸ‘ğŸ‘ğŸ‘ğŸ‘ğŸ’ªğŸ’ªğŸ’ª
@mahendrasinghsaud4747,GOAT ğŸğŸ
@emmanuelugwunne321,Messi fans running away
@emmanuelugwunne321,Highest goal scorer in ACL. Wow
@xxxiceman1980,ğŸCR7
@MuhammadSalah-pp3mj,Look at that genuine smile at 3:11
@neymar5618,"2:08

2:59"
@BDSportsEdit,CR7 The GOAT Forever ğŸâ¤ï¸ğŸ¥¹
@flowerkagurayt1327,Legendary joselu meet the most legendary real madrid player cr7 â¤
@nilaaplayzyt,Mane is just non existent
@OwningGayonelCryonelFraudPessi,"That now makes it 2 MOTM, 4 open play goals, 1 panenka penalty and 1 assist in his last 3 games for the GOAT!! CR7ğŸğŸ‡µğŸ‡¹"
@506fahad506,Saudi Team is the Best
@kristiantoppgdaljabpgsdunt8771,1.000 goals will be come real
@Husin-ce9sz,CR7 912 Goalâ¤â¤â¤
@myn.y405,913 SUUUU ğŸ˜®ğŸ‘‘ğŸ’›ğŸ’™ğŸ‘‘
@innocentonyebuchi8028,"Chelsea what have we done, Angelo  ğŸ˜¢ the future of our club"
@Natu-cb1bo,SiuuuuuuuuuuuuuuuuuğŸ¦µğŸ¦µğŸ¦µğŸ’ªğŸ’ªğŸ’ª
@NasimYusupov-yf2jm,Ğ¢Ğ°ĞºĞ¾Ğ³Ğ¾ Ñ„ÑƒÑ‚Ğ±Ğ¾Ğ»Ğ¸ÑÑ‚Ğ° Ğ±Ğ¾Ğ»ÑŒÑˆĞµ Ğ½Ğµ Ñ€Ğ¾Ğ¶Ğ´Ğ°ĞµÑ‚ÑÑ Ğ¸ ÑÑ‚Ğ¾ Ñ„Ğ°ĞºÑ‚ ğŸ’¯
@RituSharma-dq4kg,Ronaldo is coming to his prime and endâ¤ğŸ˜¢
@Jobinjohn660,1st goal was amazing 2nd goal was unstoppable ğŸ‘
@sigembel2562,Bahkan hampir stiap pertandingan dia mncetak goal apa mereka masih membandingkan bandingkan dgn messi.. Mnurutku messi sudah tdk bisa brsaing lagi
@UndanginOfficial,Rooooonaldooo
@AbejegahPascal,CRISTIANO RONALDO THE GREATEST OF ALL TIME â¤â¤â¤â¤â¤
@mobeenkhan2381,Insane ğŸ‰
@skinindagame_,"Finally, he got better again. More confident."
@jokobudimans5693,â¤â¤cr 7
@marciosimoesbraz7074,Este gajo nÃ£o Ã© um ser humano
@mattius-qu4ln,The fake goat
@DaÃ¯shi13225,Angelo aussi est trÃ¨s bonâ¤
@jakedoit5380,Who is Angelo?ğŸ˜®
@SaifulAli-fh7bh,Cr goat7 ğŸ”¥
@Abror408,Joselu and cr7 . Past striker madridğŸ˜‚
@TheViewEntertainment,Bro mane is like a ghost in this team ğŸ˜‘ but as long as heâ€™s getting Arab money ğŸ’° itâ€™s alhamdulillah ğŸ˜Œ
@DaÃ¯shi13225,Cristiano ğŸ˜¢â¤
@EricMartinBetancourt-pz5gm,Siuuuuu GOAT
@miniotv6659,SiiuuuuuuuuuuuuuuuuğŸ”¥
@rosat1804,â¤
@neymar5618,ì‹ 
@kepet1033,Siuuuuuuuuuuu
@robm6428,SHOULD HAVE BEEN A 5 GOAL NIGHT FOR THE GREAT CR 7 ğŸ‘ğŸ’ªğŸ˜
@andrev17,GOAT ğŸğŸğŸğŸğŸ
@lyndxnjoel6917,guess who assisted Joselu's first Real Madrid goal?
@inginnenenn29-92,cool
@SachinDHIMAL7101__,One like for cr7
@KunleKunlex,Goat
@Nguoiphamnhungsausac,FiFa chooses M10 but the whole world chooses CR7.
@AfterFaRhAn_sib,CR7 siuuu was everything â¤
@Wachoatrevido.7,GOAT
@brauliogualim,Champion de arena
@Cyrus-Idris,"Does anyone know what Ronaldo is saying at 1:50 and in what language?

Edit: I find the idea of him just talking to himself in Portuguese and no one understanding him hilariousğŸ˜‚"
@918kiss-c7c,Indonesia gak usah nonton afc.  Gada club yang main afc
@Ggs-player,Congrats alnassr  From colombia ğŸ‡¨ğŸ‡´
@MisshuMaia-tj6ek,CR7 ğŸ‡µğŸ‡¹ğŸ‡µğŸ‡¹ğŸ‡¹ğŸ‡±ğŸ‡¹ğŸ‡±ğŸ’ªğŸ¤
@syafiqzahid,With continuous knee injury from 2014 still scoring and keep playing at top level. CR7 â¤
@spriteisgoated,Ronaldo doing goat ğŸ things ğŸ‘
@PenCariRezeki9006,â˜•
@daritangkearung,The Real GOATğŸ˜Š
@DeBuDDi,mwp goat cr7
@scienceroast9558,"move from there, back to europe"
@Bill-10,"Real Madrid is a team of class all the former strikers scored,Hala Madrid â¤"
@InverseBeasts6000,Joselu Madrid SaviorğŸ’”
@Emre_Za,Gaynaldo scores again
@mohdfarizal1724,913 goals
@luckyyvan9568,"Clear Highlights,thanks AFC"
@zuhenriques9403,CR7 onfire.
@dembaCity,ğŸ
@herisuryawan6667,Apakah dia joselu
@vyckztograph8910,Siiiiuuuuuu...!!!
@NotohardjoAndi-oq6hh,Yess goat cr7 ...
@BiggyWarrior,Cr7â¤â¤â¤â¤
@boendahbandofficial8628,ronaldo baju putih nostalgia dia mode bantaiğŸ˜‚
@shadow.walker7,Goat is back to his best formâ¤
@arafathameer2715,GOAT getting better and better everyday ğŸğŸ”¥ğŸ˜â¤ï¸
@kevinmbabazi3402,1000goals
@repentgh5120,Cr7â¤â¤â¤
@Kinvk18,87 more .......
@goatCR7_6,he isnt finished
@yadedits2869,"Al Nassr in league:ğŸ˜¢
Al Nassr in ACL:ğŸ’€"
@ECPyro2,ğŸ‰ğŸ‰
@dotcom137,and people say he statpads... just needed 1 for a hattrick but went out with 20 min remaining
@easytvlogs,Can Al Nassr play like this in RSL please
@ojikusnadi1989,Goatnaldi Indonesiaâ¤â¤â¤
@LaughingWithGoldbridge,ğŸ
@lindagabela182,...like fine wine ğŸ”¥
@atunatun4475,Pertama
@Ronaldo-t9o4i,SUuuuuuuu
